Ref,Val,Package,PosX,PosY,Rot,Side
"R3","2K2","R_1206_3216Metric_Pad1.42x1.75mm_HandSolder",83.173900,153.149300,0.000000,bottom
"R6","2K2","R_1206_3216Metric_Pad1.42x1.75mm_HandSolder",83.173900,149.860000,0.000000,bottom
"R7","5K1","R_1206_3216Metric_Pad1.42x1.75mm_HandSolder",101.319000,148.132800,180.000000,bottom
"R8","5K1","R_1206_3216Metric_Pad1.42x1.75mm_HandSolder",101.320600,154.863800,180.000000,bottom
"RA2","2K2","R_1206_3216Metric_Pad1.42x1.75mm_HandSolder",49.254181,141.190040,270.000000,bottom
"RB2","2K2","R_1206_3216Metric_Pad1.42x1.75mm_HandSolder",52.555140,141.190040,270.000000,bottom
"RC2","2K2","R_1206_3216Metric_Pad1.42x1.75mm_HandSolder",55.946040,141.190040,270.000000,bottom
"USB1","HRO-TYPE-C-31-M-12","TYPE_C_HRO-TYPE-C-31-M-12",114.551400,159.090400,0.000000,bottom
"C2","100nF","C_1206_3216Metric",180.987700,148.383800,90.000000,top
